what,kind,bundleId,bundleVersion,description,time
<<<<<<< HEAD
started,bundle,org.eclipse.jst.jee.web,1.0.301.v201007070907,"org.eclipse.jst.jee.web",1339672972097
started,bundle,org.eclipse.jst.server.core,1.2.202.v20110419,"org.eclipse.jst.server.core",1339672972098
started,bundle,org.eclipse.jst.servlet.ui,1.1.502.v201202011054,"org.eclipse.jst.servlet.ui",1339672972194
started,bundle,org.eclipse.jst.ws.jaxrs.core,1.0.301.v201108240656,"org.eclipse.jst.ws.jaxrs.core",1339672972198
started,bundle,org.eclipse.jst.ws.jaxws.utils,1.0.100.v201201031437,"org.eclipse.jst.ws.jaxws.utils",1339672972255
started,bundle,org.eclipse.ltk.core.refactoring,3.5.201.r372_v20111101-0700,"org.eclipse.ltk.core.refactoring",1339672972256
started,bundle,org.eclipse.ltk.ui.refactoring,3.6.0.v20110928-1453,"org.eclipse.ltk.ui.refactoring",1339672972258
started,bundle,org.eclipse.mylyn.bugzilla.core,3.6.5.v20120123-0100,"org.eclipse.mylyn.bugzilla.core",1339672972259
started,bundle,org.eclipse.mylyn.bugzilla.ui,3.6.0.v20110608-1400,"org.eclipse.mylyn.bugzilla.ui",1339672972280
started,bundle,org.eclipse.mylyn.commons.identity,0.8.0.v20110608-1400,"org.eclipse.mylyn.commons.identity",1339672972297
started,bundle,org.eclipse.mylyn.commons.net,3.6.0.v20110608-1400,"org.eclipse.mylyn.commons.net",1339672972297
started,bundle,org.eclipse.mylyn.commons.ui,3.6.1.v20110720-0100,"org.eclipse.mylyn.commons.ui",1339672972299
started,bundle,org.eclipse.mylyn.context.core,3.6.1.v20110720-0100,"org.eclipse.mylyn.context.core",1339672972310
started,bundle,org.eclipse.mylyn.context.ui,3.6.1.v20120112-0100,"org.eclipse.mylyn.context.ui",1339672972311
started,bundle,org.eclipse.mylyn.monitor.ui,3.6.0.v20110608-1400,"org.eclipse.mylyn.monitor.ui",1339672972328
started,bundle,org.eclipse.mylyn.tasks.ui,3.6.5.v20120215-0100,"org.eclipse.mylyn.tasks.ui",1339672972343
started,bundle,org.eclipse.mylyn.team.ui,3.6.1.v20110825-0100,"org.eclipse.mylyn.team.ui",1339672972346
started,bundle,org.eclipse.search,3.7.0.v20110928-1504,"org.eclipse.search",1339672972383
started,bundle,org.eclipse.team.core,3.6.0.I20110525-0800,"org.eclipse.team.core",1339672972396
started,bundle,org.eclipse.team.ui,3.6.101.R37x_v20111109-0800,"org.eclipse.team.ui",1339672972417
started,bundle,org.eclipse.ui,3.7.0.v20110928-1505,"org.eclipse.ui",1339672972432
started,bundle,org.eclipse.ui.console,3.5.100.v20111007_r372,"org.eclipse.ui.console",1339672972435
started,bundle,org.eclipse.ui.editors,3.7.0.v20110928-1504,"org.eclipse.ui.editors",1339672972435
started,bundle,org.eclipse.ui.forms,3.5.101.v20111011-1919,"org.eclipse.ui.forms",1339672972453
started,bundle,org.eclipse.ui.ide,3.7.0.v20110928-1505,"org.eclipse.ui.ide",1339672972482
started,bundle,org.eclipse.ui.navigator,3.5.101.v20120106-1355,"org.eclipse.ui.navigator",1339672972483
started,bundle,org.eclipse.ui.navigator.resources,3.4.300.v20110928-1505,"org.eclipse.ui.navigator.resources",1339672972494
started,bundle,org.eclipse.ui.net,1.2.100.v20111208-1155,"org.eclipse.ui.net",1339672972495
started,bundle,org.eclipse.ui.views,3.6.0.v20110928-1505,"org.eclipse.ui.views",1339672972511
started,bundle,org.eclipse.ui.workbench,3.7.1.v20120104-1859,"org.eclipse.ui.workbench",1339672972538
started,bundle,org.eclipse.ui.workbench.texteditor,3.7.0.v20110928-1504,"org.eclipse.ui.workbench.texteditor",1339672972546
started,bundle,org.eclipse.update.configurator,3.3.100.v20100512,"org.eclipse.update.configurator",1339672972548
started,bundle,org.eclipse.update.core,3.2.500.v20110330,"org.eclipse.update.core",1339672972561
started,bundle,org.eclipse.update.scheduler,3.2.300.v20100512,"org.eclipse.update.scheduler",1339672972578
started,bundle,org.eclipse.wst.common.core,1.2.0.v200908252030,"org.eclipse.wst.common.core",1339672972582
started,bundle,org.eclipse.wst.common.emf,1.2.100.v201101101900,"org.eclipse.wst.common.emf",1339672972583
started,bundle,org.eclipse.wst.common.emfworkbench.integration,1.2.101.v201107140600,"org.eclipse.wst.common.emfworkbench.integration",1339672972595
started,bundle,org.eclipse.wst.common.frameworks,1.2.102.v201201190400,"org.eclipse.wst.common.frameworks",1339672972602
started,bundle,org.eclipse.wst.common.frameworks.ui,1.2.100.v201105122000,"org.eclipse.wst.common.frameworks.ui",1339672972606
started,bundle,org.eclipse.wst.common.modulecore,1.2.103.v201201190400,"org.eclipse.wst.common.modulecore",1339672972621
started,bundle,org.eclipse.wst.common.project.facet.core,1.4.201.v201201101553,"org.eclipse.wst.common.project.facet.core",1339672972622
started,bundle,org.eclipse.wst.common.ui,1.1.500.v200911190730,"org.eclipse.wst.common.ui",1339672972632
started,bundle,org.eclipse.wst.server.core,1.1.304.v20120208_1420,"org.eclipse.wst.server.core",1339672972661
started,bundle,org.eclipse.wst.server.ui,1.3.0.v20120210_1439,"org.eclipse.wst.server.ui",1339672972663
started,bundle,org.eclipse.wst.validation,1.2.303.v201202090300,"org.eclipse.wst.validation",1339672972664
started,bundle,org.eclipse.wst.web,1.1.501.v201201190400,"org.eclipse.wst.web",1339672972664
started,bundle,org.eclipse.wst.xml.core,1.1.602.v201201091944,"org.eclipse.wst.xml.core",1339672972683
started,bundle,org.eclipse.egit.core,1.3.0.201202151440-r,"org.eclipse.egit.core",1339672972684
started,bundle,org.eclipse.egit.ui,1.3.0.201202151440-r,"org.eclipse.egit.ui",1339672972731
started,bundle,org.eclipse.jgit,1.3.0.201202151440-r,"org.eclipse.jgit",1339672972740
started,bundle,org.eclipse.uml2.common.edit,1.5.0.v201005031530,"org.eclipse.uml2.common.edit",1339672972753
started,bundle,org.eclipse.uml2.uml,3.2.100.v201108110105,"org.eclipse.uml2.uml",1339672972770
started,bundle,org.eclipse.uml2.uml.edit,3.1.100.v201009281840,"org.eclipse.uml2.uml.edit",1339672972809
started,bundle,com.google.gdt.eclipse.core,2.5.2.v201203300216-rel-r37,"com.google.gdt.eclipse.core",1339672972814
started,bundle,com.google.gdt.eclipse.platform.e37,2.5.2.v201203300216-rel-r37,"com.google.gdt.eclipse.platform.e37",1339672972817
started,bundle,com.google.gdt.eclipse.platform.shared,2.5.2.v201203300216-rel-r37,"com.google.gdt.eclipse.platform.shared",1339672972820
started,bundle,com.google.gwt.eclipse.core,2.5.2.v201203300216-rel-r37,"com.google.gwt.eclipse.core",1339672972825
started,bundle,org.hibernate.eclipse,3.4.0.v20120307-2104-H60-Beta1,"org.hibernate.eclipse",1339672972833
started,bundle,org.hibernate.eclipse.console,3.4.0.v20120307-2104-H60-Beta1,"org.hibernate.eclipse.console",1339672972849
started,bundle,org.hibernate.eclipse.jdt.ui,3.4.0.v20120307-2104-H60-Beta1,"org.hibernate.eclipse.jdt.ui",1339672972850
started,bundle,org.hibernate.eclipse.libs,3.4.0.v20120307-2104-H60-Beta1,"org.hibernate.eclipse.libs",1339672972857
started,bundle,org.jboss.ide.eclipse.archives.core,3.2.1.v20120302-0154-H54-Beta1,"org.jboss.ide.eclipse.archives.core",1339672972871
started,bundle,org.jboss.ide.eclipse.archives.webtools,2.3.0.v20120321-1339-H91-Beta2,"org.jboss.ide.eclipse.archives.webtools",1339672972872
started,bundle,org.jboss.ide.eclipse.as.classpath.core,2.3.0.v20120321-1339-H91-Beta2,"org.jboss.ide.eclipse.as.classpath.core",1339672972899
started,bundle,org.jboss.ide.eclipse.as.core,2.3.0.v20120321-1339-H91-Beta2,"org.jboss.ide.eclipse.as.core",1339672972900
started,bundle,org.jboss.ide.eclipse.as.ui.mbeans,2.3.0.v20120321-1339-H91-Beta2,"org.jboss.ide.eclipse.as.ui.mbeans",1339672972900
started,bundle,org.jboss.ide.eclipse.as.wtp.core,2.3.0.v20120321-1339-H91-Beta2,"org.jboss.ide.eclipse.as.wtp.core",1339672972901
started,bundle,org.jboss.tools.common,3.3.0.v20120302-0132-H47-Beta1,"org.jboss.tools.common",1339672972902
started,bundle,org.jboss.tools.common.el.core,3.3.0.v20120302-0132-H47-Beta1,"org.jboss.tools.common.el.core",1339672972903
started,bundle,org.jboss.tools.common.validation,3.3.0.v20120302-0132-H47-Beta1,"org.jboss.tools.common.validation",1339672972911
started,bundle,org.jboss.tools.forge.ui,1.0.0.v20120328-1255-H60-Beta2,"org.jboss.tools.forge.ui",1339672972913
started,bundle,org.jboss.tools.project.examples,1.2.1.v20120320-2046-H78-Beta2,"org.jboss.tools.project.examples",1339672972922
started,bundle,org.jboss.tools.runtime.ui,1.3.0.v20120307-2045-H73-Beta1,"org.jboss.tools.runtime.ui",1339672972934
started,bundle,org.jboss.tools.seam.core,3.3.0.v20120302-2019-H81-Beta1,"org.jboss.tools.seam.core",1339672972935
started,bundle,org.jboss.tools.seam.ui,3.3.0.v20120302-2019-H81-Beta1,"org.jboss.tools.seam.ui",1339672972939
started,bundle,org.maven.ide.eclipse.wtp,0.15.2.20120306-2040,"org.maven.ide.eclipse.wtp",1339672972951
started,bundle,org.maven.ide.eclipse.wtp.overlay,0.15.2.20120306-2040,"org.maven.ide.eclipse.wtp.overlay",1339672972957
started,bundle,com.android.ide.eclipse.adt,18.0.0.v201203301601-306762,"com.android.ide.eclipse.adt",1339672972957
os,sysinfo,,,"linux",1339672973019
arch,sysinfo,,,"x86",1339672973019
ws,sysinfo,,,"gtk",1339672973019
locale,sysinfo,,,"en_US",1339672973019
processors,sysinfo,,,"1",1339672973020
java.runtime.name,sysinfo,,,"OpenJDK Runtime Environment",1339672973020
java.runtime.version,sysinfo,,,"1.6.0_23-b23",1339672973020
java.specification.name,sysinfo,,,"Java Platform API Specification",1339672973020
java.specification.vendor,sysinfo,,,"Sun Microsystems Inc.",1339672973020
java.specification.version,sysinfo,,,"1.6",1339672973020
java.vendor,sysinfo,,,"Sun Microsystems Inc.",1339672973020
java.version,sysinfo,,,"1.6.0_23",1339672973020
java.vm.info,sysinfo,,,"mixed mode, sharing",1339672973020
java.vm.name,sysinfo,,,"OpenJDK Client VM",1339672973020
java.vm.specification.name,sysinfo,,,"Java Virtual Machine Specification",1339672973020
java.vm.specification.vendor,sysinfo,,,"Sun Microsystems Inc.",1339672973020
java.vm.specification.version,sysinfo,,,"1.0",1339672973020
java.vm.vendor,sysinfo,,,"Sun Microsystems Inc.",1339672973020
java.vm.version,sysinfo,,,"20.0-b11",1339672973020
started,bundle,org.eclipse.m2e.usagedata,1.0.200.20111228-1245,"org.eclipse.m2e.usagedata",1339672973854
started,bundle,org.eclipse.team.cvs.core,3.3.400.I20110510-0800,"org.eclipse.team.cvs.core",1339672975610
started,bundle,org.eclipse.team.cvs.ui,3.3.401.v20120126-1227,"org.eclipse.team.cvs.ui",1339672977335
started,bundle,org.eclipse.uml2.diagram.common,0.9.2.201103290533,"org.eclipse.uml2.diagram.common",1339672981102
started,bundle,org.eclipse.emf.validation,1.4.0.v20100428-2315,"org.eclipse.emf.validation",1339672981201
started,bundle,org.jboss.ide.eclipse.as.ui,2.3.0.v20120321-1339-H91-Beta2,"org.jboss.ide.eclipse.as.ui",1339672981478
started,bundle,org.jboss.tools.central,1.0.0.v20120307-1926-H67-Beta1,"org.jboss.tools.central",1339672981527
started,bundle,org.jboss.tools.common.model,3.3.0.v20120302-0132-H47-Beta1,"org.jboss.tools.common.model",1339672981714
started,bundle,org.jboss.tools.forge.core,1.0.0.v20120328-1255-H60-Beta2,"org.jboss.tools.forge.core",1339672981771
started,bundle,org.jboss.tools.usage,1.1.0.v20120302-0148-H44-Beta1,"org.jboss.tools.usage",1339672981877
started,bundle,org.jboss.tools.jst.jsp,3.3.0.v20120302-0221-H55-Beta1,"org.jboss.tools.jst.jsp",1339673026541
activated,view,org.eclipse.ui.navigator.resources,3.4.300.v20110928-1505,"org.eclipse.ui.navigator.ProjectExplorer",1339673037143
started,bundle,org.jboss.tools.jst.web.ui,3.3.0.v20120302-0221-H55-Beta1,"org.jboss.tools.jst.web.ui",1339673037160
started,bundle,org.jboss.tools.common.model.ui,3.3.0.v20120302-0132-H47-Beta1,"org.jboss.tools.common.model.ui",1339673037170
started,bundle,org.eclipse.jst.ws.jaxws.dom.integration,1.0.101.v201201031437,"org.eclipse.jst.ws.jaxws.dom.integration",1339673037179
started,bundle,org.eclipse.jst.ws.jaxws.dom.ui,1.0.0.v201004171919,"org.eclipse.jst.ws.jaxws.dom.ui",1339673037187
started,bundle,org.jboss.ide.eclipse.archives.ui,3.2.1.v20120302-0154-H54-Beta1,"org.jboss.ide.eclipse.archives.ui",1339673037206
started,bundle,org.eclipse.wst.sse.core,1.1.602.v201112071516,"org.eclipse.wst.sse.core",1339673076623
started,bundle,org.jboss.tools.struts,3.3.0.v20120302-0304-H64-Beta1,"org.jboss.tools.struts",1339673077198
started,bundle,org.jboss.tools.jsf,3.3.0.v20120302-0331-H69-Beta1,"org.jboss.tools.jsf",1339673077205
started,bundle,org.jboss.tools.common.projecttemplates,3.3.0.v20120302-0132-H47-Beta1,"org.jboss.tools.common.projecttemplates",1339673077422
started,bundle,org.jboss.tools.jst.web.tiles,3.3.0.v20120302-0221-H55-Beta1,"org.jboss.tools.jst.web.tiles",1339673077423
started,bundle,org.jboss.tools.jst.web,3.3.0.v20120302-0221-H55-Beta1,"org.jboss.tools.jst.web",1339673077425
started,bundle,org.jboss.tools.hibernate.xml,3.4.0.v20120307-2104-H60-Beta1,"org.jboss.tools.hibernate.xml",1339673077429
started,bundle,org.jboss.tools.seam.xml,3.3.0.v20120302-2019-H81-Beta1,"org.jboss.tools.seam.xml",1339673077437
started,bundle,org.jboss.tools.seam.pages.xml,3.3.0.v20120302-2019-H81-Beta1,"org.jboss.tools.seam.pages.xml",1339673077440
started,bundle,org.jboss.tools.cdi.xml,1.2.0.v20120302-0255-H54-Beta1,"org.jboss.tools.cdi.xml",1339673077447
deactivated,workbench,org.eclipse.ui.workbench,3.7.1.v20120104-1859,"",1339673131710
activated,perspective,org.eclipse.jst.j2ee.ui,,"org.eclipse.jst.j2ee.J2EEPerspective",1339676923670
started,bundle,org.eclipse.osgi,3.7.2.v20120110-1415,"org.eclipse.osgi",1339676923673
started,bundle,org.eclipse.equinox.simpleconfigurator,1.0.200.v20110815-1438,"org.eclipse.equinox.simpleconfigurator",1339676923673
started,bundle,com.ibm.icu,4.4.2.v20110823,"com.ibm.icu",1339676923673
started,bundle,org.eclipse.compare.core,3.5.200.I20110208-0800,"org.eclipse.compare.core",1339676923673
started,bundle,org.eclipse.core.contenttype,3.4.100.v20110423-0524,"org.eclipse.core.contenttype",1339676923673
started,bundle,org.eclipse.core.databinding.observable,1.4.0.I20110222-0800,"org.eclipse.core.databinding.observable",1339676923674
started,bundle,org.eclipse.core.expressions,3.4.300.v20110228,"org.eclipse.core.expressions",1339676923674
started,bundle,org.eclipse.core.filebuffers,3.5.200.v20110928-1504,"org.eclipse.core.filebuffers",1339676923674
started,bundle,org.eclipse.core.filesystem,1.3.100.v20110423-0524,"org.eclipse.core.filesystem",1339676923674
started,bundle,org.eclipse.core.jobs,3.5.101.v20120113-1953,"org.eclipse.core.jobs",1339676923674
started,bundle,org.eclipse.core.net,1.2.100.I20110511-0800,"org.eclipse.core.net",1339676923674
started,bundle,org.eclipse.core.resources,3.7.101.v20120125-1505,"org.eclipse.core.resources",1339676923674
started,bundle,org.eclipse.core.runtime,3.7.0.v20110110,"org.eclipse.core.runtime",1339676923674
started,bundle,org.eclipse.core.runtime.compatibility,3.2.100.v20100505,"org.eclipse.core.runtime.compatibility",1339676923675
started,bundle,org.eclipse.core.runtime.compatibility.auth,3.2.200.v20110110,"org.eclipse.core.runtime.compatibility.auth",1339676923675
started,bundle,org.eclipse.core.variables,3.2.500.v20110928-1503,"org.eclipse.core.variables",1339676923675
started,bundle,org.eclipse.debug.core,3.7.1.v20111129-2031,"org.eclipse.debug.core",1339676923675
started,bundle,org.eclipse.ecf.filetransfer,5.0.0.v20110531-2218,"org.eclipse.ecf.filetransfer",1339676923675
started,bundle,org.eclipse.emf.common,2.7.0.v20120127-1122,"org.eclipse.emf.common",1339676923675
started,bundle,org.eclipse.emf.common.ui,2.7.0.v20120130-0943,"org.eclipse.emf.common.ui",1339676923675
started,bundle,org.eclipse.emf.ecore,2.7.0.v20120127-1122,"org.eclipse.emf.ecore",1339676923675
started,bundle,org.eclipse.emf.ecore.xmi,2.7.0.v20120127-1122,"org.eclipse.emf.ecore.xmi",1339676923675
started,bundle,org.eclipse.emf.edit,2.7.2.v20120130-0943,"org.eclipse.emf.edit",1339676923675
started,bundle,org.eclipse.emf.edit.ui,2.7.0.v20120130-0943,"org.eclipse.emf.edit.ui",1339676923675
started,bundle,org.eclipse.epp.mpc.ui,1.1.1.I20110907-0947,"org.eclipse.epp.mpc.ui",1339676923675
started,bundle,org.eclipse.epp.usagedata.gathering,1.3.1.R201106061540,"org.eclipse.epp.usagedata.gathering",1339676923675
started,bundle,org.eclipse.epp.usagedata.recording,1.3.1.R201106061540,"org.eclipse.epp.usagedata.recording",1339676923675
started,bundle,org.eclipse.equinox.app,1.3.100.v20110321,"org.eclipse.equinox.app",1339676923675
started,bundle,org.eclipse.equinox.common,3.6.0.v20110523,"org.eclipse.equinox.common",1339676923675
started,bundle,org.eclipse.equinox.ds,1.3.1.R37x_v20110701,"org.eclipse.equinox.ds",1339676923675
started,bundle,org.eclipse.equinox.event,1.2.100.v20110502,"org.eclipse.equinox.event",1339676923676
started,bundle,org.eclipse.equinox.p2.artifact.repository,1.1.101.v20110815-1419,"org.eclipse.equinox.p2.artifact.repository",1339676923676
started,bundle,org.eclipse.equinox.p2.core,2.1.1.v20120113-1346,"org.eclipse.equinox.p2.core",1339676923676
started,bundle,org.eclipse.equinox.p2.director,2.1.1.v20111126-0211,"org.eclipse.equinox.p2.director",1339676923676
started,bundle,org.eclipse.equinox.p2.directorywatcher,1.0.300.v20110815-1419,"org.eclipse.equinox.p2.directorywatcher",1339676923676
started,bundle,org.eclipse.equinox.p2.engine,2.1.1.R37x_v20111003,"org.eclipse.equinox.p2.engine",1339676923676
started,bundle,org.eclipse.equinox.p2.extensionlocation,1.2.100.v20110815-1419,"org.eclipse.equinox.p2.extensionlocation",1339676923676
started,bundle,org.eclipse.equinox.p2.garbagecollector,1.0.200.v20110815-1419,"org.eclipse.equinox.p2.garbagecollector",1339676923676
started,bundle,org.eclipse.equinox.p2.metadata,2.1.0.v20110815-1419,"org.eclipse.equinox.p2.metadata",1339676923677
started,bundle,org.eclipse.equinox.p2.metadata.repository,1.2.0.v20110815-1419,"org.eclipse.equinox.p2.metadata.repository",1339676923677
started,bundle,org.eclipse.equinox.p2.operations,2.1.1.R37x_v20111111,"org.eclipse.equinox.p2.operations",1339676923677
started,bundle,org.eclipse.equinox.p2.publisher,1.2.0.v20110815-1419,"org.eclipse.equinox.p2.publisher",1339676923677
started,bundle,org.eclipse.equinox.p2.reconciler.dropins,1.1.100.v20110815-1419,"org.eclipse.equinox.p2.reconciler.dropins",1339676923677
started,bundle,org.eclipse.equinox.p2.repository,2.1.1.v20120113-1346,"org.eclipse.equinox.p2.repository",1339676923678
started,bundle,org.eclipse.equinox.p2.touchpoint.eclipse,2.1.1.v20110815-1419,"org.eclipse.equinox.p2.touchpoint.eclipse",1339676923678
started,bundle,org.eclipse.equinox.p2.transport.ecf,1.0.0.v20111128-0624,"org.eclipse.equinox.p2.transport.ecf",1339676923678
started,bundle,org.eclipse.equinox.p2.ui.sdk.scheduler,1.0.100.v20110815-1419,"org.eclipse.equinox.p2.ui.sdk.scheduler",1339676923678
started,bundle,org.eclipse.equinox.p2.updatechecker,1.1.200.v20110815-1419,"org.eclipse.equinox.p2.updatechecker",1339676923678
started,bundle,org.eclipse.equinox.p2.updatesite,1.0.300.v20110815-1419,"org.eclipse.equinox.p2.updatesite",1339676923678
started,bundle,org.eclipse.equinox.preferences,3.4.2.v20120111-2020,"org.eclipse.equinox.preferences",1339676923678
started,bundle,org.eclipse.equinox.registry,3.5.101.R37x_v20110810-1611,"org.eclipse.equinox.registry",1339676923678
started,bundle,org.eclipse.equinox.security,1.1.1.R37x_v20110822-1018,"org.eclipse.equinox.security",1339676923678
started,bundle,org.eclipse.equinox.util,1.0.300.v20110502,"org.eclipse.equinox.util",1339676923679
started,bundle,org.eclipse.help,3.5.100.v20110426,"org.eclipse.help",1339676923679
started,bundle,org.eclipse.jdt.apt.core,3.3.500.v20110420-1015,"org.eclipse.jdt.apt.core",1339676923679
started,bundle,org.eclipse.jdt.apt.pluggable.core,1.0.400.v20110305-1450,"org.eclipse.jdt.apt.pluggable.core",1339676923679
started,bundle,org.eclipse.jdt.core,3.7.3.v20120119-1537,"org.eclipse.jdt.core",1339676923679
started,bundle,org.eclipse.jdt.core.manipulation,1.4.0.v20110928-1453,"org.eclipse.jdt.core.manipulation",1339676923679
started,bundle,org.eclipse.jdt.launching,3.6.1.v20111006_r372,"org.eclipse.jdt.launching",1339676923679
started,bundle,org.eclipse.jdt.ui,3.7.2.v20120109-1427,"org.eclipse.jdt.ui",1339676923679
started,bundle,org.eclipse.jem,2.0.501.v201111030500,"org.eclipse.jem",1339676923679
started,bundle,org.eclipse.jem.util,2.1.100.v201103021400,"org.eclipse.jem.util",1339676923679
started,bundle,org.eclipse.jem.workbench,2.0.400.v201104251400,"org.eclipse.jem.workbench",1339676923679
started,bundle,org.eclipse.jface,3.7.0.v20110928-1505,"org.eclipse.jface",1339676923679
started,bundle,org.eclipse.jpt.common.core,1.0.2.v201111103010,"org.eclipse.jpt.common.core",1339676923679
started,bundle,org.eclipse.jpt.jpa.core,3.0.2.v201201243020,"org.eclipse.jpt.jpa.core",1339676923679
started,bundle,org.eclipse.jsch.core,1.1.300.I20110514-0800,"org.eclipse.jsch.core",1339676923679
started,bundle,org.eclipse.jst.common.frameworks,1.1.501.v201201190400,"org.eclipse.jst.common.frameworks",1339676923679
started,bundle,org.eclipse.jst.common.project.facet.core,1.4.200.v201103170302,"org.eclipse.jst.common.project.facet.core",1339676923679
started,bundle,org.eclipse.jst.j2ee,1.1.503.v201202090300,"org.eclipse.jst.j2ee",1339676923680
started,bundle,org.eclipse.jst.j2ee.core,1.2.102.v201202090300,"org.eclipse.jst.j2ee.core",1339676923680
started,bundle,org.eclipse.jst.j2ee.ejb,1.1.505.v201202020200,"org.eclipse.jst.j2ee.ejb",1339676923680
started,bundle,org.eclipse.jst.j2ee.jca,1.1.501.v201111030500,"org.eclipse.jst.j2ee.jca",1339676923680
started,bundle,org.eclipse.jst.j2ee.navigator.ui,1.1.501.v201107261503,"org.eclipse.jst.j2ee.navigator.ui",1339676923680
started,bundle,org.eclipse.jst.j2ee.ui,1.1.503.v201201190400,"org.eclipse.jst.j2ee.ui",1339676923680
started,bundle,org.eclipse.jst.j2ee.web,1.1.502.v201202090300,"org.eclipse.jst.j2ee.web",1339676923680
started,bundle,org.eclipse.jst.j2ee.webservice,1.1.400.v201004110600,"org.eclipse.jst.j2ee.webservice",1339676923680
started,bundle,org.eclipse.jst.j2ee.webservice.ui,1.1.500.v201105122000,"org.eclipse.jst.j2ee.webservice.ui",1339676923680
started,bundle,org.eclipse.jst.jee,1.0.402.v201202021530,"org.eclipse.jst.jee",1339676923680
started,bundle,org.eclipse.jst.jee.ejb,1.0.301.v201007070821,"org.eclipse.jst.jee.ejb",1339676923680
started,bundle,org.eclipse.jst.jee.ui,1.0.401.v201202011107,"org.eclipse.jst.jee.ui",1339676923680
started,bundle,org.eclipse.jst.jee.web,1.0.301.v201007070907,"org.eclipse.jst.jee.web",1339676923680
started,bundle,org.eclipse.jst.server.core,1.2.202.v20110419,"org.eclipse.jst.server.core",1339676923680
started,bundle,org.eclipse.jst.ws.jaxrs.core,1.0.301.v201108240656,"org.eclipse.jst.ws.jaxrs.core",1339676923680
started,bundle,org.eclipse.jst.ws.jaxws.utils,1.0.100.v201201031437,"org.eclipse.jst.ws.jaxws.utils",1339676923680
started,bundle,org.eclipse.ltk.core.refactoring,3.5.201.r372_v20111101-0700,"org.eclipse.ltk.core.refactoring",1339676923680
started,bundle,org.eclipse.ltk.ui.refactoring,3.6.0.v20110928-1453,"org.eclipse.ltk.ui.refactoring",1339676923680
started,bundle,org.eclipse.mylyn.bugzilla.core,3.6.5.v20120123-0100,"org.eclipse.mylyn.bugzilla.core",1339676923680
started,bundle,org.eclipse.mylyn.bugzilla.ui,3.6.0.v20110608-1400,"org.eclipse.mylyn.bugzilla.ui",1339676923680
started,bundle,org.eclipse.mylyn.commons.identity,0.8.0.v20110608-1400,"org.eclipse.mylyn.commons.identity",1339676923680
started,bundle,org.eclipse.mylyn.commons.net,3.6.0.v20110608-1400,"org.eclipse.mylyn.commons.net",1339676923680
started,bundle,org.eclipse.mylyn.commons.ui,3.6.1.v20110720-0100,"org.eclipse.mylyn.commons.ui",1339676923680
started,bundle,org.eclipse.mylyn.context.core,3.6.1.v20110720-0100,"org.eclipse.mylyn.context.core",1339676923680
started,bundle,org.eclipse.mylyn.context.ui,3.6.1.v20120112-0100,"org.eclipse.mylyn.context.ui",1339676923681
started,bundle,org.eclipse.mylyn.monitor.ui,3.6.0.v20110608-1400,"org.eclipse.mylyn.monitor.ui",1339676923681
started,bundle,org.eclipse.mylyn.tasks.ui,3.6.5.v20120215-0100,"org.eclipse.mylyn.tasks.ui",1339676923681
started,bundle,org.eclipse.mylyn.team.ui,3.6.1.v20110825-0100,"org.eclipse.mylyn.team.ui",1339676923681
started,bundle,org.eclipse.search,3.7.0.v20110928-1504,"org.eclipse.search",1339676923681
started,bundle,org.eclipse.team.core,3.6.0.I20110525-0800,"org.eclipse.team.core",1339676923681
started,bundle,org.eclipse.team.cvs.core,3.3.400.I20110510-0800,"org.eclipse.team.cvs.core",1339676923681
started,bundle,org.eclipse.team.cvs.ui,3.3.401.v20120126-1227,"org.eclipse.team.cvs.ui",1339676923681
started,bundle,org.eclipse.team.ui,3.6.101.R37x_v20111109-0800,"org.eclipse.team.ui",1339676923681
started,bundle,org.eclipse.ui,3.7.0.v20110928-1505,"org.eclipse.ui",1339676923681
started,bundle,org.eclipse.ui.console,3.5.100.v20111007_r372,"org.eclipse.ui.console",1339676923681
started,bundle,org.eclipse.ui.editors,3.7.0.v20110928-1504,"org.eclipse.ui.editors",1339676923681
started,bundle,org.eclipse.ui.forms,3.5.101.v20111011-1919,"org.eclipse.ui.forms",1339676923681
started,bundle,org.eclipse.ui.ide,3.7.0.v20110928-1505,"org.eclipse.ui.ide",1339676923681
started,bundle,org.eclipse.ui.navigator,3.5.101.v20120106-1355,"org.eclipse.ui.navigator",1339676923681
started,bundle,org.eclipse.ui.navigator.resources,3.4.300.v20110928-1505,"org.eclipse.ui.navigator.resources",1339676923681
started,bundle,org.eclipse.ui.net,1.2.100.v20111208-1155,"org.eclipse.ui.net",1339676923681
started,bundle,org.eclipse.ui.views,3.6.0.v20110928-1505,"org.eclipse.ui.views",1339676923681
started,bundle,org.eclipse.ui.workbench,3.7.1.v20120104-1859,"org.eclipse.ui.workbench",1339676923681
started,bundle,org.eclipse.ui.workbench.texteditor,3.7.0.v20110928-1504,"org.eclipse.ui.workbench.texteditor",1339676923681
started,bundle,org.eclipse.update.configurator,3.3.100.v20100512,"org.eclipse.update.configurator",1339676923681
started,bundle,org.eclipse.update.core,3.2.500.v20110330,"org.eclipse.update.core",1339676923681
started,bundle,org.eclipse.update.scheduler,3.2.300.v20100512,"org.eclipse.update.scheduler",1339676923681
started,bundle,org.eclipse.wst.common.core,1.2.0.v200908252030,"org.eclipse.wst.common.core",1339676923681
started,bundle,org.eclipse.wst.common.emf,1.2.100.v201101101900,"org.eclipse.wst.common.emf",1339676923681
started,bundle,org.eclipse.wst.common.emfworkbench.integration,1.2.101.v201107140600,"org.eclipse.wst.common.emfworkbench.integration",1339676923681
started,bundle,org.eclipse.wst.common.frameworks,1.2.102.v201201190400,"org.eclipse.wst.common.frameworks",1339676923681
started,bundle,org.eclipse.wst.common.frameworks.ui,1.2.100.v201105122000,"org.eclipse.wst.common.frameworks.ui",1339676923681
started,bundle,org.eclipse.wst.common.modulecore,1.2.103.v201201190400,"org.eclipse.wst.common.modulecore",1339676923681
started,bundle,org.eclipse.wst.common.project.facet.core,1.4.201.v201201101553,"org.eclipse.wst.common.project.facet.core",1339676923681
started,bundle,org.eclipse.wst.common.ui,1.1.500.v200911190730,"org.eclipse.wst.common.ui",1339676923682
=======
started,bundle,org.eclipse.uml2.common.edit,1.5.0.v201005031530,"org.eclipse.uml2.common.edit",1339668289278
started,bundle,org.eclipse.jsch.core,1.1.300.I20110514-0800,"org.eclipse.jsch.core",1339668289477
started,bundle,org.eclipse.team.cvs.core,3.3.400.I20110510-0800,"org.eclipse.team.cvs.core",1339668289531
started,bundle,org.eclipse.team.ui,3.6.101.R37x_v20111109-0800,"org.eclipse.team.ui",1339668289998
started,bundle,org.eclipse.team.cvs.ui,3.3.401.v20120126-1227,"org.eclipse.team.cvs.ui",1339668290786
started,bundle,org.eclipse.jst.common.project.facet.core,1.4.200.v201103170302,"org.eclipse.jst.common.project.facet.core",1339668290824
started,bundle,org.eclipse.jst.ws.jaxrs.core,1.0.301.v201108240656,"org.eclipse.jst.ws.jaxrs.core",1339668290873
started,bundle,org.eclipse.jem.workbench,2.0.400.v201104251400,"org.eclipse.jem.workbench",1339668291382
started,bundle,com.google.gdt.eclipse.core,2.5.2.v201203300216-rel-r37,"com.google.gdt.eclipse.core",1339668293033
started,bundle,com.google.gdt.eclipse.platform.shared,2.5.2.v201203300216-rel-r37,"com.google.gdt.eclipse.platform.shared",1339668293317
started,bundle,com.google.gdt.eclipse.platform.e37,2.5.2.v201203300216-rel-r37,"com.google.gdt.eclipse.platform.e37",1339668293318
started,bundle,org.jboss.ide.eclipse.as.wtp.core,2.3.0.v20120321-1339-H91-Beta2,"org.jboss.ide.eclipse.as.wtp.core",1339668293806
started,bundle,org.maven.ide.eclipse.wtp.overlay,0.15.2.20120306-2040,"org.maven.ide.eclipse.wtp.overlay",1339668293872
started,bundle,org.eclipse.jst.j2ee.ejb,1.1.505.v201202020200,"org.eclipse.jst.j2ee.ejb",1339668294933
started,bundle,org.eclipse.jst.j2ee.jca,1.1.501.v201111030500,"org.eclipse.jst.j2ee.jca",1339668294980
started,bundle,org.eclipse.jst.j2ee.web,1.1.502.v201202090300,"org.eclipse.jst.j2ee.web",1339668295055
started,bundle,org.eclipse.jst.jee,1.0.402.v201202021530,"org.eclipse.jst.jee",1339668295085
started,bundle,org.eclipse.jst.jee.ejb,1.0.301.v201007070821,"org.eclipse.jst.jee.ejb",1339668295135
started,bundle,org.eclipse.jst.jee.web,1.0.301.v201007070907,"org.eclipse.jst.jee.web",1339668295161
started,bundle,com.google.gwt.eclipse.core,2.5.2.v201203300216-rel-r37,"com.google.gwt.eclipse.core",1339668297151
started,bundle,org.hibernate.eclipse.jdt.ui,3.4.0.v20120307-2104-H60-Beta1,"org.hibernate.eclipse.jdt.ui",1339668297699
started,bundle,org.eclipse.uml2.diagram.common,0.9.2.201103290533,"org.eclipse.uml2.diagram.common",1339668298303
started,bundle,org.eclipse.emf.validation,1.4.0.v20100428-2315,"org.eclipse.emf.validation",1339668298407
started,bundle,org.jboss.ide.eclipse.as.ui,2.3.0.v20120321-1339-H91-Beta2,"org.jboss.ide.eclipse.as.ui",1339668298947
started,bundle,org.jboss.tools.central,1.0.0.v20120307-1926-H67-Beta1,"org.jboss.tools.central",1339668299034
started,bundle,org.jboss.tools.common,3.3.0.v20120302-0132-H47-Beta1,"org.jboss.tools.common",1339668299281
started,bundle,org.hibernate.eclipse.libs,3.4.0.v20120307-2104-H60-Beta1,"org.hibernate.eclipse.libs",1339668299350
started,bundle,org.jboss.tools.common.model,3.3.0.v20120302-0132-H47-Beta1,"org.jboss.tools.common.model",1339668299557
started,bundle,org.jboss.tools.forge.core,1.0.0.v20120328-1255-H60-Beta2,"org.jboss.tools.forge.core",1339668299571
started,bundle,org.jboss.tools.usage,1.1.0.v20120302-0148-H44-Beta1,"org.jboss.tools.usage",1339668299576
started,bundle,org.hibernate.eclipse,3.4.0.v20120307-2104-H60-Beta1,"org.hibernate.eclipse",1339668300218
started,bundle,org.hibernate.eclipse.console,3.4.0.v20120307-2104-H60-Beta1,"org.hibernate.eclipse.console",1339668301530
started,bundle,org.eclipse.jdt.apt.core,3.3.500.v20110420-1015,"org.eclipse.jdt.apt.core",1339668301565
started,bundle,org.eclipse.jdt.apt.pluggable.core,1.0.400.v20110305-1450,"org.eclipse.jdt.apt.pluggable.core",1339668301587
error,log,,,"Could not retrieve declared methods",1339668302335
started,bundle,org.eclipse.pde.core,3.7.1.v20120103_r372,"org.eclipse.pde.core",1339668305992
started,bundle,org.jboss.ide.eclipse.as.ui.mbeans,2.3.0.v20120321-1339-H91-Beta2,"org.jboss.ide.eclipse.as.ui.mbeans",1339668306048
deactivated,workbench,org.eclipse.ui.workbench,3.7.1.v20120104-1859,"",1339668310840
activated,workbench,org.eclipse.ui.workbench,3.7.1.v20120104-1859,"",1339668326438
started,bundle,org.eclipse.ui.navigator,3.5.101.v20120106-1355,"org.eclipse.ui.navigator",1339668326615
opened,view,org.eclipse.wst.server.ui,1.3.0.v20120210_1439,"org.eclipse.wst.server.ui.ServersView",1339668327144
activated,view,org.eclipse.wst.server.ui,1.3.0.v20120210_1439,"org.eclipse.wst.server.ui.ServersView",1339668327221
started,bundle,org.eclipse.jgit,1.3.0.201202151440-r,"org.eclipse.jgit",1339668327318
started,bundle,org.eclipse.egit.core,1.3.0.201202151440-r,"org.eclipse.egit.core",1339668327941
started,bundle,org.eclipse.egit.ui,1.3.0.201202151440-r,"org.eclipse.egit.ui",1339668328079
started,bundle,org.jboss.tools.jmx.core,1.2.0.v20120302-0157-H43-Beta1,"org.jboss.tools.jmx.core",1339668328117
started,bundle,org.jboss.ide.eclipse.as.jmx.integration,2.3.0.v20120321-1339-H91-Beta2,"org.jboss.ide.eclipse.as.jmx.integration",1339668328119
started,bundle,org.jboss.tools.openshift.express.ui,2.3.0.v20120322-1632-H66-Beta2,"org.jboss.tools.openshift.express.ui",1339668328233
started,bundle,org.jboss.tools.common.verification.ui,3.3.0.v20120302-0132-H47-Beta1,"org.jboss.tools.common.verification.ui",1339668328363
started,bundle,org.eclipse.debug.ui,3.7.102.v20111129-1423_r372,"org.eclipse.debug.ui",1339668330941
executed,command,org.eclipse.wst.server.ui,1.3.0.v20120210_1439,"org.eclipse.wst.server.run",1339668330946
started,bundle,org.jboss.ide.eclipse.as.rse.core,2.3.0.v20120321-1339-H91-Beta2,"org.jboss.ide.eclipse.as.rse.core",1339668331145
started,bundle,org.eclipse.rse.services,3.2.101.R33x_v201109141647,"org.eclipse.rse.services",1339668331258
started,bundle,org.eclipse.m2e.launching,1.0.200.20111228-1245,"org.eclipse.m2e.launching",1339668332440
started,bundle,org.jboss.ide.eclipse.freemarker,1.2.0.v20120302-0152-H55-Beta1,"org.jboss.ide.eclipse.freemarker",1339668332506
started,bundle,org.eclipse.jdt.debug.ui,3.6.1.v20111006_r372,"org.eclipse.jdt.debug.ui",1339668333779
activated,view,org.eclipse.ui.console,3.5.100.v20111007_r372,"org.eclipse.ui.console.ConsoleView",1339668335310
started,bundle,com.android.ide.eclipse.ddms,18.0.0.v201203301601-306762,"com.android.ide.eclipse.ddms",1339668387388
started,bundle,com.android.ide.eclipse.traceview,18.0.0.v201203301601-306762,"com.android.ide.eclipse.traceview",1339668390885
deactivated,workbench,org.eclipse.ui.workbench,3.7.1.v20120104-1859,"",1339668414949
activated,workbench,org.eclipse.ui.workbench,3.7.1.v20120104-1859,"",1339668417539
deactivated,workbench,org.eclipse.ui.workbench,3.7.1.v20120104-1859,"",1339668424846
started,bundle,org.eclipse.equinox.p2.garbagecollector,1.0.200.v20110815-1419,"org.eclipse.equinox.p2.garbagecollector",1339668601214
opened,view,com.android.ide.eclipse.ddms,18.0.0.v201203301601-306762,"com.android.ide.eclipse.ddms.views.LogCatView",1339668614866
activated,view,com.android.ide.eclipse.ddms,18.0.0.v201203301601-306762,"com.android.ide.eclipse.ddms.views.LogCatView",1339668615061
activated,workbench,org.eclipse.ui.workbench,3.7.1.v20120104-1859,"",1339668617360
executed,command,org.eclipse.ui,3.7.0.v20110928-1505,"org.eclipse.ui.edit.copy",1339668653243
executed,command,org.eclipse.ui,3.7.0.v20110928-1505,"org.eclipse.ui.edit.copy",1339668657015
executed,command,org.eclipse.ui,3.7.0.v20110928-1505,"org.eclipse.ui.edit.copy",1339668657179
executed,command,org.eclipse.ui,3.7.0.v20110928-1505,"org.eclipse.ui.edit.copy",1339668657327
started,bundle,org.eclipse.ui.navigator.resources,3.4.300.v20110928-1505,"org.eclipse.ui.navigator.resources",1339668788449
started,bundle,org.jboss.tools.seam.core,3.3.0.v20120302-2019-H81-Beta1,"org.jboss.tools.seam.core",1339668788582
started,bundle,org.jboss.tools.seam.ui,3.3.0.v20120302-2019-H81-Beta1,"org.jboss.tools.seam.ui",1339668788593
started,bundle,org.eclipse.emf.common.ui,2.7.0.v20120130-0943,"org.eclipse.emf.common.ui",1339668788757
started,bundle,org.eclipse.emf.edit.ui,2.7.0.v20120130-0943,"org.eclipse.emf.edit.ui",1339668788769
started,bundle,org.eclipse.jst.j2ee.webservice.ui,1.1.500.v201105122000,"org.eclipse.jst.j2ee.webservice.ui",1339668788808
started,bundle,org.eclipse.jst.j2ee.webservice,1.1.400.v201004110600,"org.eclipse.jst.j2ee.webservice",1339668788844
started,bundle,org.jboss.tools.common.el.core,3.3.0.v20120302-0132-H47-Beta1,"org.jboss.tools.common.el.core",1339668788914
started,bundle,org.eclipse.jst.jee.ui,1.0.401.v201202011107,"org.eclipse.jst.jee.ui",1339668789014
started,bundle,org.eclipse.jst.j2ee.ui,1.1.503.v201201190400,"org.eclipse.jst.j2ee.ui",1339668789065
started,bundle,org.eclipse.jst.j2ee.navigator.ui,1.1.501.v201107261503,"org.eclipse.jst.j2ee.navigator.ui",1339668789087
started,bundle,org.maven.ide.eclipse.wtp,0.15.2.20120306-2040,"org.maven.ide.eclipse.wtp",1339668791037
started,bundle,org.eclipse.wst.common.ui,1.1.500.v200911190730,"org.eclipse.wst.common.ui",1339668791093
opened,view,org.eclipse.ui.navigator.resources,3.4.300.v20110928-1505,"org.eclipse.ui.navigator.ProjectExplorer",1339668791277
opened,view,org.eclipse.ui.views,3.6.0.v20110928-1505,"org.eclipse.ui.views.ContentOutline",1339668791508
activated,editor,org.eclipse.jdt.ui,3.7.2.v20120109-1427,"org.eclipse.jdt.ui.CompilationUnitEditor",1339668792350
started,bundle,org.jboss.tools.common.validation,3.3.0.v20120302-0132-H47-Beta1,"org.jboss.tools.common.validation",1339668793545
started,bundle,org.eclipse.jst.servlet.ui,1.1.502.v201202011054,"org.eclipse.jst.servlet.ui",1339668794516
activated,view,org.eclipse.ui.navigator.resources,3.4.300.v20110928-1505,"org.eclipse.ui.navigator.ProjectExplorer",1339669695321
started,bundle,org.jboss.tools.jst.web.ui,3.3.0.v20120302-0221-H55-Beta1,"org.jboss.tools.jst.web.ui",1339669695688
started,bundle,org.eclipse.xsd,2.7.1.v20120130-0943,"org.eclipse.xsd",1339669695725
started,bundle,org.jboss.tools.common.model.ui,3.3.0.v20120302-0132-H47-Beta1,"org.jboss.tools.common.model.ui",1339669695803
started,bundle,org.eclipse.jst.ws.jaxws.dom.integration,1.0.101.v201201031437,"org.eclipse.jst.ws.jaxws.dom.integration",1339669695851
started,bundle,org.eclipse.jst.ws.jaxws.dom.ui,1.0.0.v201004171919,"org.eclipse.jst.ws.jaxws.dom.ui",1339669695905
started,bundle,org.jboss.ide.eclipse.archives.ui,3.2.1.v20120302-0154-H54-Beta1,"org.jboss.ide.eclipse.archives.ui",1339669696135
opened,editor,org.eclipse.jdt.ui,3.7.2.v20120109-1427,"org.eclipse.jdt.ui.CompilationUnitEditor",1339669709498
activated,editor,org.eclipse.jdt.ui,3.7.2.v20120109-1427,"org.eclipse.jdt.ui.CompilationUnitEditor",1339669710376
activated,view,org.eclipse.ui.navigator.resources,3.4.300.v20110928-1505,"org.eclipse.ui.navigator.ProjectExplorer",1339669712387
activated,editor,org.eclipse.jdt.ui,3.7.2.v20120109-1427,"org.eclipse.jdt.ui.CompilationUnitEditor",1339669738983
started,bundle,org.jboss.tools.jst.jsp,3.3.0.v20120302-0221-H55-Beta1,"org.jboss.tools.jst.jsp",1339670245586
deactivated,workbench,org.eclipse.ui.workbench,3.7.1.v20120104-1859,"",1339670311902
activated,workbench,org.eclipse.ui.workbench,3.7.1.v20120104-1859,"",1339670312917
activated,editor,org.eclipse.jdt.ui,3.7.2.v20120109-1427,"org.eclipse.jdt.ui.CompilationUnitEditor",1339670321443
activated,editor,org.eclipse.jdt.ui,3.7.2.v20120109-1427,"org.eclipse.jdt.ui.CompilationUnitEditor",1339670323772
closed,editor,org.eclipse.jdt.ui,3.7.2.v20120109-1427,"org.eclipse.jdt.ui.CompilationUnitEditor",1339670323781
activated,view,org.eclipse.ui.navigator.resources,3.4.300.v20110928-1505,"org.eclipse.ui.navigator.ProjectExplorer",1339670325504
opened,editor,org.eclipse.jdt.ui,3.7.2.v20120109-1427,"org.eclipse.jdt.ui.CompilationUnitEditor",1339670331702
activated,editor,org.eclipse.jdt.ui,3.7.2.v20120109-1427,"org.eclipse.jdt.ui.CompilationUnitEditor",1339670332259
activated,editor,org.eclipse.jdt.ui,3.7.2.v20120109-1427,"org.eclipse.jdt.ui.CompilationUnitEditor",1339670552435
executed,command,org.eclipse.ui,3.7.0.v20110928-1505,"org.eclipse.ui.edit.paste",1339670717534
started,bundle,org.eclipse.jdt.junit,3.7.0.v20110928-1453,"org.eclipse.jdt.junit",1339670719726
executed,command,org.eclipse.ui,3.7.0.v20110928-1505,"org.eclipse.ui.file.save",1339670722385
started,bundle,org.jboss.tools.portlet.core,1.2.0.v20120302-2132-H56-Beta1,"org.jboss.tools.portlet.core",1339670723886
started,bundle,org.eclipse.wst.dtd.core,1.1.501.v201107252021,"org.eclipse.wst.dtd.core",1339670724545
started,bundle,org.eclipse.wst.sse.ui,1.3.2.v201201041522,"org.eclipse.wst.sse.ui",1339670724672
started,bundle,org.eclipse.wst.html.ui,1.0.602.v201202091936,"org.eclipse.wst.html.ui",1339670724685
started,bundle,org.jboss.tools.jst.web.kb,3.3.0.v20120302-0221-H55-Beta1,"org.jboss.tools.jst.web.kb",1339670724764
started,bundle,org.jboss.tools.cdi.core,1.2.0.v20120302-0255-H54-Beta1,"org.jboss.tools.cdi.core",1339670724785
started,bundle,org.eclipse.wst.sse.core,1.1.602.v201112071516,"org.eclipse.wst.sse.core",1339670724794
started,bundle,org.eclipse.jst.jsf.common,1.2.3.v201104061039,"org.eclipse.jst.jsf.common",1339670725158
started,bundle,org.jboss.tools.jsf,3.3.0.v20120302-0331-H69-Beta1,"org.jboss.tools.jsf",1339670725208
started,bundle,org.eclipse.jst.jsf.core,1.3.105.v201108261005,"org.eclipse.jst.jsf.core",1339670725257
started,bundle,org.eclipse.jst.jsp.core,1.2.402.v201112071853,"org.eclipse.jst.jsp.core",1339670725645
started,bundle,org.eclipse.wst.wsdl.validation,1.1.502.v201104071820,"org.eclipse.wst.wsdl.validation",1339670728220
started,bundle,org.jboss.tools.common.projecttemplates,3.3.0.v20120302-0132-H47-Beta1,"org.jboss.tools.common.projecttemplates",1339670729232
started,bundle,org.jboss.tools.jst.web,3.3.0.v20120302-0221-H55-Beta1,"org.jboss.tools.jst.web",1339670729286
started,bundle,org.eclipse.wst.xsd.core,1.1.600.v201104070312,"org.eclipse.wst.xsd.core",1339670729396
started,bundle,org.eclipse.wst.xsl.core,1.1.100.v201102270516,"org.eclipse.wst.xsl.core",1339670729506
started,bundle,org.eclipse.pde.launching,3.6.0.v20110506,"org.eclipse.pde.launching",1339670729687
started,bundle,org.eclipse.wst.wsi.ui,1.0.502.v201104071820,"org.eclipse.wst.wsi.ui",1339670729693
started,bundle,org.eclipse.ui.views.log,1.0.200.v20110404,"org.eclipse.ui.views.log",1339670729722
started,bundle,org.eclipse.pde.ui,3.6.100.v20120103_r372,"org.eclipse.pde.ui",1339670729738
started,bundle,org.jboss.tools.struts,3.3.0.v20120302-0304-H64-Beta1,"org.jboss.tools.struts",1339670729908
started,bundle,org.jboss.tools.common.text.ext,3.3.0.v20120302-0132-H47-Beta1,"org.jboss.tools.common.text.ext",1339670730273
started,bundle,org.jboss.tools.cdi.seam.core,1.2.0.v20120302-0255-H54-Beta1,"org.jboss.tools.cdi.seam.core",1339670731171
started,bundle,org.eclipse.wst.css.core,1.1.501.v201111292150,"org.eclipse.wst.css.core",1339670731664
deactivated,workbench,org.eclipse.ui.workbench,3.7.1.v20120104-1859,"",1339670735935
activated,workbench,org.eclipse.ui.workbench,3.7.1.v20120104-1859,"",1339670738699
started,bundle,org.jboss.tools.ws.jaxrs.ui,1.2.2.v20120323-1522-H83-Beta2,"org.jboss.tools.ws.jaxrs.ui",1339670774513
started,bundle,org.jboss.tools.ws.jaxrs.core,1.2.2.v20120323-1522-H83-Beta2,"org.jboss.tools.ws.jaxrs.core",1339670774582
started,bundle,org.eclipse.mylyn.ide.ui,3.6.0.v20110608-1400,"org.eclipse.mylyn.ide.ui",1339670774782
started,bundle,org.eclipse.jpt.jaxb.ui,1.1.2.v201201260000,"org.eclipse.jpt.jaxb.ui",1339670774879
started,bundle,org.eclipse.jpt.jpa.ui,3.0.2.v201201243020,"org.eclipse.jpt.jpa.ui",1339670775021
started,bundle,org.eclipse.jpt.common.core,1.0.2.v201111103010,"org.eclipse.jpt.common.core",1339670775097
started,bundle,org.eclipse.jpt.jpa.core,3.0.2.v201201243020,"org.eclipse.jpt.jpa.core",1339670775153
started,bundle,org.eclipse.jst.ws.jaxws.ui,1.0.100.v201104032053,"org.eclipse.jst.ws.jaxws.ui",1339670775320
started,bundle,org.eclipse.mylyn.java.ui,3.6.0.v20110608-1400,"org.eclipse.mylyn.java.ui",1339670775375
started,bundle,org.eclipse.pde.api.tools,1.0.301.v20111129-2053,"org.eclipse.pde.api.tools",1339670775913
started,bundle,org.eclipse.pde.api.tools.ui,1.0.301.v20110803_r371,"org.eclipse.pde.api.tools.ui",1339670775951
started,bundle,org.jboss.tools.common.el.ui,3.3.0.v20120302-0132-H47-Beta1,"org.jboss.tools.common.el.ui",1339670776027
started,bundle,org.eclipse.wst.xml.ui,1.1.202.v201112071516,"org.eclipse.wst.xml.ui",1339670776090
started,bundle,org.eclipse.jpt.jaxb.core,1.0.2.v201111103010,"org.eclipse.jpt.jaxb.core",1339670779639
started,bundle,org.eclipse.mylyn.resources.ui,3.6.0.v20110608-1400,"org.eclipse.mylyn.resources.ui",1339670781453
deactivated,workbench,org.eclipse.ui.workbench,3.7.1.v20120104-1859,"",1339670810623
activated,workbench,org.eclipse.ui.workbench,3.7.1.v20120104-1859,"",1339670812087
executed,command,org.eclipse.ui,3.7.0.v20110928-1505,"org.eclipse.ui.file.save",1339670816070
started,bundle,org.jboss.tools.common.jdt.debug,3.3.0.v20120302-0132-H47-Beta1,"org.jboss.tools.common.jdt.debug",1339670856841
started,bundle,org.jboss.tools.common.jdt.debug.ui,3.3.0.v20120302-0132-H47-Beta1,"org.jboss.tools.common.jdt.debug.ui",1339670856870
activated,view,org.eclipse.wst.server.ui,1.3.0.v20120210_1439,"org.eclipse.wst.server.ui.ServersView",1339670859285
activated,editor,org.eclipse.jdt.ui,3.7.2.v20120109-1427,"org.eclipse.jdt.ui.CompilationUnitEditor",1339671759809
activated,view,org.eclipse.ui.navigator.resources,3.4.300.v20110928-1505,"org.eclipse.ui.navigator.ProjectExplorer",1339671769607
started,bundle,org.eclipse.compare,3.5.202.R37x_v20111109-0800,"org.eclipse.compare",1339671773552
deactivated,workbench,org.eclipse.ui.workbench,3.7.1.v20120104-1859,"",1339671784649
executed,command,org.eclipse.ui,3.7.0.v20110928-1505,"org.eclipse.ui.newWizard",1339671842827
activated,workbench,org.eclipse.ui.workbench,3.7.1.v20120104-1859,"",1339671842967
activated,editor,org.eclipse.jdt.ui,3.7.2.v20120109-1427,"org.eclipse.jdt.ui.CompilationUnitEditor",1339671843929
activated,view,org.eclipse.ui.navigator.resources,3.4.300.v20110928-1505,"org.eclipse.ui.navigator.ProjectExplorer",1339671934737
started,bundle,org.jboss.tools.jst.web.tiles,3.3.0.v20120302-0221-H55-Beta1,"org.jboss.tools.jst.web.tiles",1339671938927
started,bundle,org.jboss.tools.hibernate.xml,3.4.0.v20120307-2104-H60-Beta1,"org.jboss.tools.hibernate.xml",1339671938958
started,bundle,org.jboss.tools.seam.xml,3.3.0.v20120302-2019-H81-Beta1,"org.jboss.tools.seam.xml",1339671938984
started,bundle,org.jboss.tools.seam.pages.xml,3.3.0.v20120302-2019-H81-Beta1,"org.jboss.tools.seam.pages.xml",1339671938991
started,bundle,org.jboss.tools.cdi.xml,1.2.0.v20120302-0255-H54-Beta1,"org.jboss.tools.cdi.xml",1339671938999
opened,editor,org.eclipse.jdt.ui,3.7.2.v20120109-1427,"org.eclipse.jdt.ui.CompilationUnitEditor",1339671953380
activated,editor,org.eclipse.jdt.ui,3.7.2.v20120109-1427,"org.eclipse.jdt.ui.CompilationUnitEditor",1339671953832
executed,command,org.eclipse.ui,3.7.0.v20110928-1505,"org.eclipse.ui.edit.paste",1339671960427
executed,command,org.eclipse.ui,3.7.0.v20110928-1505,"org.eclipse.ui.file.save",1339671966807
executed,command,org.eclipse.ui,3.7.0.v20110928-1505,"org.eclipse.ui.edit.undo",1339671974836
executed,command,org.eclipse.ui,3.7.0.v20110928-1505,"org.eclipse.ui.file.save",1339672043439
executed,command,org.eclipse.ui,3.7.0.v20110928-1505,"org.eclipse.ui.file.save",1339672045767
activated,editor,org.eclipse.jdt.ui,3.7.2.v20120109-1427,"org.eclipse.jdt.ui.CompilationUnitEditor",1339672060113
executed,command,org.eclipse.ui,3.7.0.v20110928-1505,"org.eclipse.ui.edit.paste",1339672097182
executed,command,org.eclipse.ui,3.7.0.v20110928-1505,"org.eclipse.ui.edit.copy",1339672125439
executed,command,org.eclipse.ui,3.7.0.v20110928-1505,"org.eclipse.ui.edit.paste",1339672131019
executed,command,org.eclipse.ui,3.7.0.v20110928-1505,"org.eclipse.ui.file.save",1339672134395
executed,command,org.eclipse.ui,3.7.0.v20110928-1505,"org.eclipse.ui.edit.paste",1339672140538
executed,command,org.eclipse.ui,3.7.0.v20110928-1505,"org.eclipse.ui.edit.paste",1339672146451
executed,command,org.eclipse.ui,3.7.0.v20110928-1505,"org.eclipse.ui.file.save",1339672154047
executed,command,org.eclipse.ui,3.7.0.v20110928-1505,"org.eclipse.ui.file.save",1339672173760
activated,view,org.eclipse.wst.server.ui,1.3.0.v20120210_1439,"org.eclipse.wst.server.ui.ServersView",1339672200240
deactivated,workbench,org.eclipse.ui.workbench,3.7.1.v20120104-1859,"",1339672205871
activated,workbench,org.eclipse.ui.workbench,3.7.1.v20120104-1859,"",1339672211267
deactivated,workbench,org.eclipse.ui.workbench,3.7.1.v20120104-1859,"",1339672217623
activated,workbench,org.eclipse.ui.workbench,3.7.1.v20120104-1859,"",1339672219492
activated,view,org.eclipse.ui.console,3.5.100.v20111007_r372,"org.eclipse.ui.console.ConsoleView",1339672220703
deactivated,workbench,org.eclipse.ui.workbench,3.7.1.v20120104-1859,"",1339672221466
activated,workbench,org.eclipse.ui.workbench,3.7.1.v20120104-1859,"",1339672222378
activated,view,org.eclipse.wst.server.ui,1.3.0.v20120210_1439,"org.eclipse.wst.server.ui.ServersView",1339672226597
executed,command,org.eclipse.wst.server.ui,1.3.0.v20120210_1439,"org.eclipse.wst.server.run",1339672233955
activated,view,org.eclipse.ui.console,3.5.100.v20111007_r372,"org.eclipse.ui.console.ConsoleView",1339672239688
activated,view,org.eclipse.wst.server.ui,1.3.0.v20120210_1439,"org.eclipse.wst.server.ui.ServersView",1339672351643
deactivated,workbench,org.eclipse.ui.workbench,3.7.1.v20120104-1859,"",1339672356204
activated,workbench,org.eclipse.ui.workbench,3.7.1.v20120104-1859,"",1339672360167
activated,view,org.eclipse.ui.console,3.5.100.v20111007_r372,"org.eclipse.ui.console.ConsoleView",1339672378138
deactivated,workbench,org.eclipse.ui.workbench,3.7.1.v20120104-1859,"",1339672429702
activated,view,com.android.ide.eclipse.ddms,18.0.0.v201203301601-306762,"com.android.ide.eclipse.ddms.views.LogCatView",1339672443665
activated,workbench,org.eclipse.ui.workbench,3.7.1.v20120104-1859,"",1339672446068
activated,view,org.eclipse.wst.server.ui,1.3.0.v20120210_1439,"org.eclipse.wst.server.ui.ServersView",1339672462801
activated,view,org.eclipse.ui.console,3.5.100.v20111007_r372,"org.eclipse.ui.console.ConsoleView",1339672465907
activated,editor,org.eclipse.jdt.ui,3.7.2.v20120109-1427,"org.eclipse.jdt.ui.CompilationUnitEditor",1339672506848
activated,editor,org.eclipse.jdt.ui,3.7.2.v20120109-1427,"org.eclipse.jdt.ui.CompilationUnitEditor",1339672520376
activated,editor,org.eclipse.jdt.ui,3.7.2.v20120109-1427,"org.eclipse.jdt.ui.CompilationUnitEditor",1339672524213
activated,view,com.android.ide.eclipse.ddms,18.0.0.v201203301601-306762,"com.android.ide.eclipse.ddms.views.LogCatView",1339672551332
activated,view,org.eclipse.ui.console,3.5.100.v20111007_r372,"org.eclipse.ui.console.ConsoleView",1339672631036
deactivated,workbench,org.eclipse.ui.workbench,3.7.1.v20120104-1859,"",1339672668216
activated,workbench,org.eclipse.ui.workbench,3.7.1.v20120104-1859,"",1339672669343
activated,editor,org.eclipse.jdt.ui,3.7.2.v20120109-1427,"org.eclipse.jdt.ui.CompilationUnitEditor",1339672680328
activated,editor,org.eclipse.jdt.ui,3.7.2.v20120109-1427,"org.eclipse.jdt.ui.CompilationUnitEditor",1339672680593
activated,editor,org.eclipse.jdt.ui,3.7.2.v20120109-1427,"org.eclipse.jdt.ui.CompilationUnitEditor",1339672699548
activated,editor,org.eclipse.jdt.ui,3.7.2.v20120109-1427,"org.eclipse.jdt.ui.CompilationUnitEditor",1339672729113
activated,view,org.eclipse.ui.navigator.resources,3.4.300.v20110928-1505,"org.eclipse.ui.navigator.ProjectExplorer",1339673063753
deactivated,workbench,org.eclipse.ui.workbench,3.7.1.v20120104-1859,"",1339673069120
activated,editor,org.eclipse.jdt.ui,3.7.2.v20120109-1427,"org.eclipse.jdt.ui.CompilationUnitEditor",1339673070675
closed,workbench,org.eclipse.ui.workbench,3.7.1.v20120104-1859,"",1339673073331
stopped,bundle,org.eclipse.jst.ws.axis.creation.ui,1.0.700.v201104070312,"org.eclipse.jst.ws.axis.creation.ui",1339673077468
stopped,bundle,org.eclipse.jst.ws.axis.consumption.ui,1.0.505.v201004211805,"org.eclipse.jst.ws.axis.consumption.ui",1339673077491
stopped,bundle,org.eclipse.jst.ws.axis.consumption.core,1.0.407.v201104071820,"org.eclipse.jst.ws.axis.consumption.core",1339673077522
stopped,bundle,org.eclipse.jst.ws.axis2.creation.ui,1.0.104.v201004211805,"org.eclipse.jst.ws.axis2.creation.ui",1339673077533
stopped,bundle,org.eclipse.jst.ws.axis2.consumption.ui,1.0.103.v201004211805,"org.eclipse.jst.ws.axis2.consumption.ui",1339673077549
stopped,bundle,org.eclipse.jst.ws.axis2.creation.core,1.0.106.v201004211805,"org.eclipse.jst.ws.axis2.creation.core",1339673077588
stopped,bundle,org.eclipse.jst.ws.axis2.consumption.core,1.0.105.v201004211805,"org.eclipse.jst.ws.axis2.consumption.core",1339673077598
stopped,bundle,org.eclipse.jst.ws.axis2.ui,1.0.303.v201003110431,"org.eclipse.jst.ws.axis2.ui",1339673077613
stopped,bundle,org.eclipse.jst.ws.axis2.core,1.0.204.v201004211805,"org.eclipse.jst.ws.axis2.core",1339673077638
stopped,bundle,org.eclipse.jst.ws.cxf.creation.ui,1.0.100.v201104022153,"org.eclipse.jst.ws.cxf.creation.ui",1339673077656
stopped,bundle,org.jboss.tools.ws.creation.ui,1.2.2.v20120323-1522-H83-Beta2,"org.jboss.tools.ws.creation.ui",1339673077676
stopped,bundle,org.eclipse.jst.ws.creation.ui,1.0.609.v201103082016,"org.eclipse.jst.ws.creation.ui",1339673077722
stopped,bundle,org.eclipse.jst.ws.cxf.consumption.ui,1.0.0.v201003222311,"org.eclipse.jst.ws.cxf.consumption.ui",1339673077737
stopped,bundle,org.jboss.tools.ws.ui,1.2.2.v20120323-1522-H83-Beta2,"org.jboss.tools.ws.ui",1339673077874
stopped,bundle,org.jboss.tools.ws.creation.core,1.2.2.v20120323-1522-H83-Beta2,"org.jboss.tools.ws.creation.core",1339673077888
stopped,bundle,org.jboss.tools.ws.core,1.2.2.v20120323-1522-H83-Beta2,"org.jboss.tools.ws.core",1339673077917
stopped,bundle,org.eclipse.jst.ws.consumption.ui,1.1.402.v201201250306,"org.eclipse.jst.ws.consumption.ui",1339673077955
stopped,bundle,org.eclipse.jst.ws.consumption,1.0.603.v201202012024,"org.eclipse.jst.ws.consumption",1339673077990
stopped,bundle,org.eclipse.jst.ws.cxf.consumption.core,1.0.0.v201003222311,"org.eclipse.jst.ws.cxf.consumption.core",1339673078007
stopped,bundle,org.eclipse.jst.ws.cxf.creation.core,1.0.100.v201104022153,"org.eclipse.jst.ws.cxf.creation.core",1339673078033
stopped,bundle,org.eclipse.jst.ws.cxf.ui,1.0.0.v201004171919,"org.eclipse.jst.ws.cxf.ui",1339673078063
stopped,bundle,org.eclipse.jst.ws.cxf.core,1.0.100.v201104022153,"org.eclipse.jst.ws.cxf.core",1339673078133
stopped,bundle,org.eclipse.jst.ws.uddiregistry,1.0.500.v201004211805,"org.eclipse.jst.ws.uddiregistry",1339673078170
stopped,bundle,org.eclipse.jst.ws.ui,1.0.403.v201004211805,"org.eclipse.jst.ws.ui",1339673078219
stopped,bundle,org.eclipse.jst.ws,1.0.509.v201108250610,"org.eclipse.jst.ws",1339673078270
stopped,bundle,org.eclipse.wst.ws.explorer,1.0.607.v201103082002,"org.eclipse.wst.ws.explorer",1339673078344
stopped,bundle,org.eclipse.wst.wsdl.ui,1.2.403.v201108240515,"org.eclipse.wst.wsdl.ui",1339673078424
>>>>>>> 7cfbe9695c00159dfd668f278a3a628b213a71bf
